{
    "storage": {
        "conn"          :{
            "prop"      : "tool",
            "place"     : [-0.7774313131915491, 1.1529854536056519, -2.04946738878359, -0.6554420630084437, -1.5770462195025843, -0.7751448790179651],
            "approach"  : [-0.7809813658343714, 0.8106890916824341, -2.1178534666644495, -0.29636890092958623, -1.5587227980243128, -0.7727840582477015]
        },
        "part1"         :{
            "prop"      : "tool",
            "place"     : [-1.0598662535296839, 0.6879352331161499, -1.1921995321856897, -1.0462091604815882, -1.6013973394977015, -1.1415961424456995],
            "approach"  : [-1.0586312452899378, 0.599324107170105, -1.3528655211078089, -0.8532584349261683, -1.604405705128805, -1.1414168516742151]
        },
        "hammer"        :{
            "prop"      : "tool",
            "place"     : [-1.73396, 0.956693, -1.64074, -0.87117, -1.55761, -1.72184],
            "approach"  : [-1.72187, 0.715146, -1.6887, -0.567299, -1.56232, -1.71248]
        },
        "allenDriver"   :{ 
            "prop"      :"tool",
            "place"     : [-1.75355, 0.434013, -0.645809, -1.33449, -1.55582, -1.84337],
            "approach"  : [-1.75632, 0.231774, -0.60627, -1.16539, -1.55754, -1.85987]
        },
        "screwDriver"   :{
            "prop"      : "tool",
            "place"     : [-1.76441, 0.723976, -1.21657, -1.05026, -1.55858, -1.75164],
            "approach"  : [-1.76718, 0.521106, -1.23752, -0.824425, -1.56065, -1.75521]
        },
        "ribStraight1"  :{ 
            "prop"      : "part",
            "place"     : [-2.09338, 0.485932, -0.758914, -1.22797, -1.5799, -0.569985],
            "approach"  : [-2.09002, 0.310868, -0.797058, -1.01466, -1.5807, -0.569506]
        },
        "ribStraight2"  :{ 
            "prop"      : "part",
            "place"     : [-1.96486, 0.615431, -0.995005, -1.16987, -1.53189, -0.438002],
            "approach"  : [-1.9663, 0.434324, -1.03099, -0.953935, -1.53172, -0.442053]
        },
        "ribCurved1"    :{ 
            "prop"      : "part",
            "place"     : [-2.37452, 0.227859, -0.24134, -1.56055, -1.52746, -0.847921],
            "approach"  : [-2.37489, 0.104226, -0.321219, -1.35824, -1.51887, -0.822405]
        },
        "ribCurved2"    :{
            "prop"      : "part",
            "place"     : [-2.20837, 0.240406, -0.283931, -1.46265, -1.5842, -0.680469],
            "approach"  : [-2.20188, 0.0931864, -0.331718, -1.26504, -1.58672, -0.677749]
        },
        "sideRight"     :{ 
            "prop"      : "part",
            "place"     : [-0.975455, 0.901334, -1.57343, -0.921928,-1.59013, -0.994564],
            "approach"  : [-0.973044, 0.645707, -1.70979, -0.588958,-1.60673, -0.980803],
            "place_new" : [-1.0288246313678187, 1.0062719583511353, -1.8060820738421839, -0.7232049147235315, -1.514895264302389, -1.0319417158709925]
        },
        "sideLeft"      :{
            "prop"      : "part",
            "place"     : [-1.37734, 0.817055, -1.39298, -0.986025, -1.53964, -1.37935],
            "approach"  : [-1.40137, 0.445144, -1.39998, -0.629996, -1.55283, -1.44001]
        },
        "plank"         :{
            "prop"      : "part",
            "place"     : [0, 0, 0, 0, 0, 0],
            "approach"  : [0, 0, 0, 0, 0, 0]
        },
        "dowel"         :{
            "prop"      : "part",
            "place"     : [-1.19138, 0.211745, -0.236671, -1.54255, -1.60721, -1.28503],
            "approach"  : [-1.19129, 0.0882529, -0.281201, -1.37153, -1.60905, -1.28905]
        },
        "connector"     :{
            "prop"      : "part",
            "place"     : [-1.38918, 0.498307, -0.828401,-1.24123, -1.61057, -1.41774],
            "approach"  : [-1.38708, 0.377003, -0.891606,-1.06042, -1.61114, -1.48943]
        },
        "screw"         :{
            "prop"      : "part",
            "place"     : [-2.11203, 0.958308, -1.7035, -0.819161, -1.53588, -0.599609],
            "approach"  : [-2.09056, 0.609137, -1.63113, -0.466183, -1.58301, -0.57908]
        },
        "screwHex"      :{
            "prop"      : "part",
            "place"     : [-2.33551, 0.733681, -1.29928, -0.974674, -1.55482, -0.822944],
            "approach"  : [-2.33194, 0.456502, -1.24625, -0.705267, -1.5993, -0.817733]
        }
    },
    "deployment": {
        "hammer"        :{
            "prop"      : "tool",
            "type"      : "handout",
            "place"     : null,
            "approach"  : null
        },
        "allenDriver"   :{
            "prop"      : "tool",
            "type"      : "handout",
            "place"     : null,
            "approach"  : null
        },
        "screwDriver"   :{
            "prop"      : "tool",
            "type"      : "handout",
            "place"     : null,
            "approach"  : null
        },
        "ribStraight1"  :{
            "prop"      : "part",
            "type"      : "handout",
            "place"     : null,
            "approach"  : null
        },
        "ribStraight2"  :{
            "prop"      : "part",
            "type"      : "handout",
            "place"     : null,
            "approach"  : null
        },
        "ribCurved1"    :{
            "prop"      : "part",
            "type"      : "handout",
            "place"     : null,
            "approach"  : null
        },
        "ribCurved2"    :{
            "prop"      : "part",
            "type"      : "handout",
            "place"     : null,
            "approach"  : null
        },
        "sideRight"     :{
            "prop"      : "part",
            "type"      : "handout",
            "place"     : null,
            "approach"  : null
        },
        "sideLeft"      :{
            "prop"      : "part",
            "type"      : "handout",
            "place"     : null,
            "approach"  : null
        },
        "plank"         :{
            "prop"      : "part",
            "type"      : "handout",
            "place"     : null,
            "approach"  : null
        },
        "dowel"         :{
            "prop"      : "part",
            "type"      : "drop",
            "place"     : [0.836797, 0.973036, -1.78778, -0.779152, -1.74216, -3.06631],
            "approach"  : [0, 0, 0, 0, 0, 0]
        },
        "connector"     :{
            "prop"      : "part",
            "type"      : "drop",
            "place"     : [1.07735, 1.00661, -1.99102, -0.365619, -1.67157, -2.05257],
            "approach"  : [0, 0, 0, 0, 0, 0]
        },
        "screw"         :{
            "prop"      : "part",
            "type"      : "drop",
            "place"     : [0.816121, 0.710838, -1.27776, -1.03299, -1.70349, -3.04496],
            "approach"  : [0, 0, 0, 0, 0, 0]
        },
        "screwHex"      :{
            "prop"      : "part",
            "type"      : "drop",
            "place"     : [1.41929, 1.03197, -2.06209, -0.29998, -1.59222, -1.72464],
            "approach"  : [0, 0, 0, 0, 0, 0]
        }
    },
    "behavioral": {
        "idleOld"              :{
            "behavior"      : "no action idle",
            "configuration" : [1.7819044589996338, 0.6568714380264282, -2.1021035353290003, -1.4435065428363245, -1.8483851591693323, -1.4326689879046839]
        },
        "idle"              :{
            "behavior"      : "no action idle",
            "configuration" : [1.6169146299362183, 0.8487495183944702, -2.2916629950152796, -1.4532220999347132, -1.5807140509234827, -1.5558446089373987]
        },
        "gaze1"             :{
            "behavior"      : "gazing at work",
            "configuration" : [0.192119, 0.973227, -2.33751, 0.139361, -0.783964, -3.58898]
        },
        "gaze2"             :{
            "behavior"      : "gazing at work",
            "configuration" : [0.687139, 0.875514, -2.7393, -0.198731, -0.979201, -2.41861]
        },
        "gazeAtWorker"      :{
            "behavior"      : "gazing at worker",